Supercharger Mode,RPM,MP [inHg],Pengine [bhp],Altitude [ft],TAS measured [mph],TAS solved [mph],Speed difference,Pitch angle [deg],J,Etap,Consumption [L/h],Mach Blade Tip,Speed difference in %
Low blower,3000,60.5,1450,5000,363,361.62089567458315,,39.008801014315054,1.9935751042343774,0.7814009062226125,544676.2359141252,0.7619023320485748,-0.37991854694678984
Low blower,3000,60.5,1485,10000,394,387.4654869807676,,41.134444186033114,2.1360534134897318,0.8059334524287011,557826.8936881366,0.775838125796853,-1.658505842444773
Low blower,3000,60.5,1530,16800,425,425.7639857692949,,44.06353831272305,2.347188706354737,0.8368118232472798,574734.8822547225,0.7960794107093393,0.1797613574811508
High blower,3000,60.5,1270,23200,422,426.2638635773855,,44.19418664854628,2.349944476182445,0.8432508691605005,494213.82138003816,0.8166529708016019,1.010394212650594
High blower,3000,60.5,1275,29800,441,463.68983941516973,,46.89160321753919,2.5562696486885867,0.8659230132660886,496159.8450874528,0.8396338845059912,5.145088302759575
High blower,3000,48.0,985,35000,421,441.67935228797523,,45.620686933247114,2.434928322195295,0.8673004153984951,383290.47005739924,0.859172976323253,4.911960163414545
High blower,3000,40.7,815,38000,403,418.67821147618884,,44.262399506450095,2.3081256339661547,0.8701571226659703,317125.6640052989,0.8634413840846676,3.890375056126262
